,MAE,MSE,RMSE,MAPE
Random Forest,0.48517772362910894,0.6421933692928311,0.8013696832878263,6.374719404277834
Xgboost,0.8925840055856668,1.107944923745151,1.0525896274166637,13.293823687936918
Lightgbm,0.5148836075570452,0.7083194185288763,0.8416171448639079,6.808712074304224
Neural Network,0.6532416641055097,1.0440397722487356,1.0217826443274203,8.479911453686762
Ensemble,0.2011643438471083,0.07884216475666052,0.2807884697715711,2.7860814221968817
