,MAE,MSE,RMSE,MAPE
Random Forest,0.47916539807708103,0.5613163795312156,0.7492105041516808,3.8721250248747117
Xgboost,0.8768628670460556,1.0966894254396629,1.0472294043998491,7.718350865643282
Lightgbm,0.4650559178240173,0.5405378026958276,0.7352127601557441,3.768206884993161
Neural Network,0.48445596557007603,0.6020451658326403,0.775915695054972,3.9002761307121427
Ensemble,0.278068977498717,0.17268800709665544,0.4155574654565304,2.286323780324405
