,MAE,MSE,RMSE,MAPE
Random Forest,0.3955389419724508,0.6394776151385654,0.7996734428118552,3.99188474752895
Xgboost,1.0471890075445118,1.7091123433542823,1.3073302350034908,11.715870407233513
Lightgbm,0.38486192820865506,0.6408316785282508,0.8005196303203631,3.8596227229064675
Neural Network,0.5078285677223388,1.1955418954626955,1.0934083845767306,4.787100365051286
Ensemble,0.22077018217650735,0.11428707090737862,0.3380637083559527,2.3930370312447486
